City_ID,City,Lat,Lng,Max Temp,Humidity,Cloudiness,Wind Speed,Country,Date
0,kapa'a,22.0752,-159.319,300.33,82,100,8.75,US,1687805411
1,reyes,-14.3167,-67.3833,304.24,66,40,3.09,BO,1687805411
2,tiksi,71.6872,128.8694,284.2,59,50,5.21,RU,1687805411
3,ushuaia,-54.8,-68.3,272.96,64,75,3.09,AR,1687805411
4,blackmans bay,-43.0167,147.3167,282.33,72,100,3.57,AU,1687805411
5,adamstown,-25.066,-130.1015,294.88,80,1,5.57,PN,1687805368
6,port-aux-francais,-49.35,70.2167,276.32,98,100,14.77,TF,1687805412
7,qui nhon,13.7667,109.2333,298.21,90,100,1.83,VN,1687805412
8,sitka,57.0531,-135.33,287.09,88,100,1.54,US,1687805412
9,nanma,36.1817,118.1583,295.42,80,99,2.81,CN,1687805412
10,nemuro,43.3236,145.575,286.17,98,38,6.28,JP,1687805412
11,utrik,11.2278,169.8474,301.12,81,100,9.15,MH,1687805412
12,aasiaat,68.7098,-52.8699,276.78,84,59,4.93,GL,1687805413
13,borogontsy,62.6683,131.1683,291.79,79,98,1.65,RU,1687805413
14,leua,48.2156,18.6071,292.28,69,0,1.34,SK,1687805413
15,longyearbyen,78.2186,15.6401,278.06,93,75,5.14,SJ,1687805413
16,ilulissat,69.2167,-51.1,280.16,76,75,3.09,GL,1687805413
17,bilibino,68.0546,166.4372,288.71,66,5,1.58,RU,1687805413
18,iskateley,67.6803,53.1512,280.37,77,92,4.0,RU,1687805414
19,oriximina,-1.7656,-55.8661,305.73,46,60,3.02,BR,1687805414
20,colares,38.7992,-9.4469,298.7,63,20,10.29,PT,1687805414
21,ati,13.2154,18.3353,308.47,32,39,2.92,TD,1687805414
22,ambon,-3.6954,128.1814,302.52,77,40,2.57,ID,1687805414
23,margaret river,-33.95,115.0667,281.89,77,26,2.42,AU,1687805415
24,olonkinbyen,70.9221,-8.7187,279.09,89,43,5.37,SJ,1687805415
25,stanley,54.868,-1.6985,290.92,62,20,7.72,GB,1687805415
26,afaahiti,-17.75,-149.2833,299.08,78,17,8.75,PF,1687805415
27,grytviken,-54.2811,-36.5092,273.44,98,100,6.71,GS,1687805415
28,whitehorse,60.7161,-135.0538,290.58,45,75,2.06,CA,1687805325
29,albany,42.6001,-73.9662,300.88,75,100,0.45,US,1687805254
30,gamba,-2.65,10.0,295.93,92,100,3.89,GA,1687805416
31,taseyevo,57.2169,94.8978,281.3,97,100,1.79,RU,1687805416
32,gasteiz / vitoria,42.85,-2.6667,292.2,83,100,4.63,ES,1687805416
33,talnakh,69.4865,88.3972,283.82,62,28,2.67,RU,1687805417
34,thompson,55.7435,-97.8558,291.24,42,40,1.54,CA,1687805339
35,severo-yeniseyskiy,60.3725,93.0408,279.88,96,100,1.26,RU,1687805417
36,kone,-21.0595,164.8658,287.27,74,35,0.59,NC,1687805418
37,waitangi,-43.9535,-176.5597,284.72,90,100,4.02,NZ,1687805418
38,cardoso,-20.0819,-49.9142,300.84,29,0,2.28,BR,1687805419
39,mabaruma,8.2,-59.7833,300.15,94,75,4.12,GY,1687805419
40,luderitz,-26.6481,15.1594,286.34,90,100,5.54,NA,1687805419
41,tomatlan,19.9333,-105.25,307.41,48,80,6.07,MX,1687805174
42,mount isa,-20.7333,139.5,285.02,82,23,0.0,AU,1687805419
43,papatowai,-46.5619,169.4708,281.37,92,95,2.0,NZ,1687805420
44,kodiak,57.79,-152.4072,281.88,93,100,6.17,US,1687805420
45,bethel,41.3712,-73.414,300.68,76,75,3.6,US,1687805420
46,ta`u,-14.2336,-169.5144,299.98,79,10,5.82,AS,1687805420
47,swan hill,-35.3378,143.5544,281.19,77,100,1.86,AU,1687805420
48,taltal,-25.4,-70.4833,292.44,67,22,1.32,CL,1687805163
49,arvayheer,46.2639,102.775,282.74,53,20,5.42,MN,1687805421
50,ebon,4.582,168.6964,299.21,87,100,4.08,MH,1687805421
51,nizhnyaya tavda,57.6731,66.1725,286.17,63,100,5.65,RU,1687805421
52,ormara,25.2088,64.6357,302.44,83,100,3.44,PK,1687805421
53,acapulco de juarez,16.8634,-99.8901,304.32,63,64,6.37,MX,1687805421
54,mani,4.8172,-72.2886,303.31,64,72,1.43,CO,1687805422
55,tambacounda,13.7539,-13.7586,309.18,46,20,5.14,SN,1687805422
56,puerto ayora,-0.7393,-90.3518,302.13,87,66,3.13,EC,1687805422
57,ust-nera,64.5667,143.2,293.96,66,76,0.4,RU,1687805422
58,songyang,34.4553,113.0281,297.46,79,0,2.1,CN,1687805422
59,buzuluk,52.7807,52.2635,284.5,82,1,3.58,RU,1687805422
60,kristiansund,63.1115,7.732,293.51,56,0,2.57,NO,1687805423
61,aykhal,66.0,111.5,285.49,54,100,2.96,RU,1687805423
62,lichinga,-13.3128,35.2406,288.2,67,0,4.12,MZ,1687805423
63,saldanha,-33.0117,17.9442,289.18,78,62,6.21,ZA,1687805423
64,eastham,41.8301,-69.9739,302.92,83,100,3.13,US,1687805423
65,zakamensk,50.3741,103.2863,282.2,90,100,2.0,RU,1687805423
66,puerto natales,-51.7236,-72.4875,275.4,93,75,1.03,CL,1687805424
67,taoudenni,22.6783,-3.9836,314.26,9,6,2.39,ML,1687805424
68,khandyga,62.6667,135.6,291.96,74,2,1.65,RU,1687805424
69,west island,-12.1568,96.8225,299.14,69,81,5.66,CC,1687805424
70,eyl,7.9803,49.8164,298.79,73,85,11.78,SO,1687805424
71,vadso,70.0744,29.7487,284.64,100,75,4.12,NO,1687805424
72,broken hill,-31.95,141.4333,284.51,47,100,2.65,AU,1687805425
73,labytnangi,66.6572,66.4183,284.58,89,96,1.82,RU,1687805425
74,baoshan,46.5586,131.4244,295.27,79,99,2.84,CN,1687805425
75,yellowknife,62.456,-114.3525,291.44,59,75,6.17,CA,1687805425
76,laojunmiao,39.8333,97.7333,291.38,24,100,4.26,CN,1687805425
77,richards bay,-28.783,32.0377,291.19,91,1,1.81,ZA,1687805338
78,atafu village,-8.5421,-172.5159,301.57,77,81,7.1,TK,1687805426
79,lengshuijiang,27.6881,111.4294,296.78,96,1,1.28,CN,1687805426
80,the pas,53.8251,-101.2541,291.16,59,20,5.66,CA,1687805426
81,chinde,26.8418,88.0763,291.39,93,58,2.31,NP,1687805426
82,iqaluit,63.7506,-68.5145,280.0,65,75,4.63,CA,1687805427
83,rajmahal,25.05,87.8333,300.08,85,32,6.09,IN,1687805427
84,kayangel,8.0823,134.7173,301.32,76,41,2.41,PW,1687805427
85,yakeshi,49.2833,120.7333,290.96,76,100,2.51,CN,1687805427
86,wailua homesteads,22.0669,-159.378,299.59,82,100,8.75,US,1687805427
87,vorkuta,67.5,64.0,282.63,87,9,3.66,RU,1687805427
88,hermanus,-34.4187,19.2345,287.48,84,73,9.8,ZA,1687805427
89,salekhard,66.53,66.6019,285.15,88,97,1.88,RU,1687805428
90,lebu,-37.6167,-73.65,285.25,83,98,6.32,CL,1687805428
91,sao francisco,-15.9486,-44.8644,302.71,30,50,3.23,BR,1687805428
92,el bauga,18.262,33.9081,308.3,12,38,5.92,SD,1687805428
93,aurora,39.7294,-104.8319,305.92,35,20,3.13,US,1687805210
94,musan-up,42.2261,129.2078,289.98,100,100,1.39,KP,1687805428
95,alesund,62.4723,6.1549,291.48,84,20,2.57,NO,1687805428
96,tura,25.5198,90.2201,296.95,93,72,3.07,IN,1687805429
97,balaipungut,1.05,101.2833,296.26,98,100,1.15,ID,1687805429
98,brokopondo,4.75,-55.1667,302.68,63,100,1.68,SR,1687805429
99,kapuskasing,49.4169,-82.4331,290.2,77,100,3.6,CA,1687805241
100,vorgashor,67.5833,63.95,282.12,87,9,3.76,RU,1687805429
101,carbonear,47.7332,-53.2148,285.79,83,0,4.52,CA,1687805429
102,bu'aale,1.0833,42.5833,296.8,79,9,4.36,SO,1687805429
103,ribeira grande,38.5167,-28.7,295.37,78,20,1.79,PT,1687805430
104,edinburgh of the seven seas,-37.0676,-12.3116,288.84,91,100,14.89,SH,1687805430
105,constantia,44.1833,28.65,293.54,59,85,4.64,RO,1687805430
106,mili,6.0815,171.735,301.51,79,100,8.69,MH,1687805430
107,erenhot,43.6475,111.9767,295.47,28,3,1.28,CN,1687805430
108,crane,31.3974,-102.3501,315.26,10,0,1.7,US,1687805273
109,pacific grove,36.6177,-121.9166,288.65,83,100,3.6,US,1687805430
110,itamaraca,-7.7478,-34.8256,298.18,86,14,5.7,BR,1687805430
111,kilindoni,-7.9139,39.6668,298.98,65,4,6.68,TZ,1687805431
112,susuman,62.7833,148.1667,291.17,77,67,1.04,RU,1687805431
113,kimbe,-5.5502,150.1429,297.43,90,100,3.63,PG,1687805431
114,alice springs,-23.7,133.8833,286.05,53,100,25.48,AU,1687805222
115,kogalym,62.2654,74.4791,282.74,72,27,3.03,RU,1687805431
116,invercargill,-46.4,168.35,279.25,94,11,1.59,NZ,1687805431
117,toyooka,35.5333,134.8333,295.07,97,100,2.69,JP,1687805386
118,selfoss,63.9331,-20.9971,285.95,79,30,6.17,IS,1687805431
119,gunsan,35.9786,126.7114,295.09,100,100,8.75,KR,1687805432
120,green river,41.5286,-109.4662,300.48,19,1,2.24,US,1687805432
121,saipan,15.1355,145.701,300.73,100,75,4.63,MP,1687805432
122,ocean shores,46.9737,-124.1563,290.35,86,100,6.17,US,1687805432
123,nykvarn,59.8,18.3,296.09,68,0,2.89,SE,1687805432
124,new norfolk,-42.7826,147.0587,282.99,78,76,2.75,AU,1687805432
125,conde,-7.2597,-34.9075,297.85,88,75,6.17,BR,1687805432
126,mana,5.6592,-53.7767,300.25,85,86,3.54,GF,1687805433
127,fale old settlement,-9.3852,-171.2468,301.35,78,23,6.35,TK,1687805433
128,bredasdorp,-34.5322,20.0403,285.72,92,88,7.74,ZA,1687805433
129,tralee,52.2704,-9.7026,288.52,78,100,3.45,IE,1687805433
130,tindouf,27.6711,-8.1474,316.4,6,20,1.54,DZ,1687805433
131,island harbour,50.724,-1.2758,294.19,76,97,1.34,GB,1687805433
132,macaubas,-13.0194,-42.6986,301.93,26,89,4.55,BR,1687805433
133,villa gesell,-37.2639,-56.973,288.74,57,100,4.21,AR,1687805433
134,katsuura,35.1333,140.3,295.61,94,100,2.28,JP,1687805434
135,vernon,50.2581,-119.2691,300.16,45,4,1.03,CA,1687805434
136,den burg,53.0542,4.7972,291.48,70,40,4.12,NL,1687805434
137,caleta de carquin,-11.0925,-77.6267,296.11,70,9,5.2,PE,1687805434
138,polyarnyy,69.1989,33.4478,281.72,89,74,2.83,RU,1687805434
139,dunedin,-45.8742,170.5036,283.04,89,100,3.23,NZ,1687805251
140,val-d'or,48.1002,-77.7828,291.2,94,100,4.12,CA,1687805434
141,fort bragg,35.139,-79.006,305.62,54,20,5.66,US,1687805435
142,charlottetown,46.2352,-63.1267,291.79,87,100,5.66,CA,1687805435
143,isna,25.2934,32.554,306.16,13,0,5.01,EG,1687805435
144,kalmunai,7.4167,81.8167,300.16,73,100,2.2,LK,1687805435
145,mokshan,53.4365,44.6132,287.6,74,100,3.28,RU,1687805435
146,sarmiento,-45.5882,-69.07,282.91,46,95,6.93,AR,1687805435
147,dhidhdhoo,6.8833,73.1,300.94,77,100,7.21,MV,1687805435
148,hamilton,39.1834,-84.5333,299.96,65,100,7.2,US,1687804990
149,buritis,-15.6178,-46.4233,302.76,20,18,2.84,BR,1687805436
150,college,64.8569,-147.8028,289.87,69,75,2.06,US,1687805436
151,lospalos,-8.5186,127.0025,295.07,96,100,1.29,TL,1687805436
152,priyutnoye,46.1011,43.5072,299.52,39,100,7.25,RU,1687805436
153,minas de marcona,-15.2119,-75.1103,291.34,59,1,6.28,PE,1687805436
154,el calafate,-50.3408,-72.2768,275.2,90,100,0.22,AR,1687805299
155,guerrero negro,27.9769,-114.0611,296.07,57,1,7.85,MX,1687805436
156,hammerfest,70.6634,23.6821,284.4,82,0,5.14,NO,1687805437
157,parras de la fuente,25.4167,-102.1833,304.86,17,0,3.1,MX,1687805437
158,sao vicente,-23.9631,-46.3919,304.25,51,0,2.57,BR,1687805148
159,biltine,14.5333,20.9167,309.38,22,95,3.37,TD,1687805437
160,luwuk,-0.9516,122.7875,298.26,90,17,1.08,ID,1687805437
161,nova sintra,14.8667,-24.7167,293.73,78,22,6.52,CV,1687805437
162,tofol,5.3248,163.0078,298.03,88,75,1.54,FM,1687805437
163,quirinopolis,-18.4483,-50.4517,301.31,27,0,3.22,BR,1687805438
164,cacu,-18.5567,-51.1308,301.71,23,0,3.42,BR,1687805438
165,puerto aysen,-45.4,-72.7,278.33,100,100,1.81,CL,1687805438
166,gadzhiyevo,69.2551,33.3362,281.47,90,75,2.68,RU,1687805438
167,cannonvale,-20.2833,148.7,293.81,83,27,0.55,AU,1687805438
168,chibougamau,49.9168,-74.3659,293.94,68,40,6.69,CA,1687805390
169,birobidzhan,48.8,132.95,293.24,96,100,1.97,RU,1687805439
170,thisted,56.9552,8.6949,288.23,88,21,8.61,DK,1687805439
171,kaiapoi,-43.3783,172.6401,281.52,87,100,2.57,NZ,1687805439
172,dolinsk,47.35,142.8,289.37,90,67,4.18,RU,1687805439
173,port alfred,-33.5906,26.891,287.14,93,100,1.79,ZA,1687805440
174,ashford,51.1459,0.8728,294.62,62,100,5.04,GB,1687805440
175,kailua-kona,19.6406,-155.9956,300.13,79,40,3.09,US,1687805197
176,st. john's,47.5649,-52.7093,285.53,75,40,6.69,CA,1687805440
177,lompoc,34.6391,-120.4579,293.06,86,100,5.14,US,1687805440
178,ulladulla,-35.35,150.4667,282.52,71,13,3.03,AU,1687805440
179,weilheim,47.8333,11.15,298.2,96,72,2.02,DE,1687805440
180,sandnessjoen,66.0217,12.6316,298.44,46,0,3.6,NO,1687805441
181,nuuk,64.1835,-51.7216,285.49,43,40,4.12,GL,1687805441
182,duong dong,10.2167,103.9667,301.15,89,40,4.63,VN,1687805441
183,saudarkrokur,65.7461,-19.6394,287.04,56,79,0.94,IS,1687805441
184,mugia,43.1041,-9.2179,296.43,84,6,10.45,ES,1687805441
185,praia da vitoria,38.7333,-27.0667,296.29,73,20,3.18,PT,1687805441
186,huarmey,-10.0681,-78.1522,297.01,70,11,5.15,PE,1687805441
187,saynshand,44.8824,110.1163,293.86,42,37,4.12,MN,1687805442
188,noumea,-22.2763,166.4572,291.48,99,9,4.58,NC,1687805442
189,dumas,35.8656,-101.9732,301.82,54,0,5.66,US,1687805442
190,port elizabeth,-33.918,25.5701,288.31,91,75,6.17,ZA,1687805442
191,udachny,66.4167,112.4,286.18,57,49,2.23,RU,1687805442
192,avarua,-21.2078,-159.775,297.18,94,1,0.51,CK,1687805443
193,cabo san lucas,22.8909,-109.9124,306.58,63,0,3.93,MX,1687805424
194,rongelap,11.1635,166.8941,301.25,81,18,8.68,MH,1687805443
195,tapes,-30.6733,-51.3958,296.63,76,22,3.84,BR,1687805443
196,tazacorte,28.629,-17.9293,298.23,86,75,3.09,ES,1687805443
197,qaqortoq,60.7167,-46.0333,278.66,78,100,2.05,GL,1687805443
198,umm kaddadah,13.6017,26.6876,309.69,20,100,4.29,SD,1687805444
199,pisco,-13.7,-76.2167,294.18,73,100,4.63,PE,1687805444
200,brookings,44.3114,-96.7984,298.81,49,0,6.17,US,1687805340
201,carnarvon,-24.8667,113.6333,285.12,58,0,9.8,AU,1687805444
202,baruun-urt,46.6806,113.2792,288.56,73,85,2.92,MN,1687805444
203,uturoa,-16.7333,-151.4333,300.36,70,4,7.56,PF,1687805444
204,arno,60.1167,18.6333,289.56,72,0,4.08,SE,1687805444
205,merizo village,13.2658,144.6691,301.0,96,100,6.71,GU,1687805444
206,port lincoln,-34.7333,135.8667,284.94,81,100,2.98,AU,1687805202
207,gourcy,13.2167,-2.35,305.64,44,100,2.52,BF,1687805445
208,gaspe,48.8334,-64.4819,289.27,63,75,7.2,CA,1687805301
209,berdigestyakh,62.0989,126.6992,289.32,95,4,0.36,RU,1687805445
210,la ronge,55.1001,-105.2842,291.27,34,75,3.6,CA,1687805445
211,puerto baquerizo moreno,-0.9,-89.6,300.7,69,40,5.14,EC,1687805445
212,neryungri,56.6709,124.6491,286.98,77,100,1.24,RU,1687805445
213,calca,-13.3333,-71.95,293.79,37,63,1.0,PE,1687805446
214,rosso,16.4986,-15.8153,301.91,49,6,7.97,SN,1687805446
215,san antonio de pale,-1.4014,5.6325,297.47,82,4,3.46,GQ,1687805446
216,sitia,35.2,26.0986,299.81,72,0,3.3,GR,1687805446
217,codrington,-38.2667,141.9667,280.93,95,100,3.5,AU,1687805446
218,izberbash,42.5696,47.8645,295.18,69,0,2.52,RU,1687805446
219,himeji,34.8167,134.7,297.19,95,100,0.55,JP,1687805446
220,garachico,28.7781,-17.7646,296.75,73,75,3.09,ES,1687805447
221,navojoa,27.1,-109.4333,309.27,52,29,2.24,MX,1687805369
222,cox's bazar,21.4532,91.9798,298.71,91,100,5.16,BD,1687805447
223,tucupita,9.0622,-62.051,306.45,47,66,3.57,VE,1687805447
224,buloh kasap,2.5536,102.764,296.85,96,100,0.31,MY,1687805447
225,childress,34.4264,-100.204,306.44,40,0,3.6,US,1687805447
226,lensk,60.7253,114.9278,286.3,95,15,0.68,RU,1687805447
227,hawaiian paradise park,19.5933,-154.9731,297.54,90,75,1.54,US,1687805447
228,ketchikan,55.3422,-131.6461,289.41,82,100,3.6,US,1687805448
229,bamboo flat,11.7,92.7167,299.2,89,75,1.03,IN,1687805448
230,moyynkum,44.2914,72.9469,296.29,18,0,1.84,KZ,1687805448
231,novosergiyevka,52.0934,53.6528,285.06,83,0,5.16,RU,1687805448
232,as sulayyil,20.4607,45.5779,310.29,9,36,3.27,SA,1687805448
233,lihue,21.9789,-159.3672,299.92,75,100,8.75,US,1687805448
234,khovd,48.0056,91.6419,284.57,44,18,1.08,MN,1687805448
235,ain sefra,32.75,-0.5833,304.95,7,0,7.61,DZ,1687805449
236,parabel',58.6978,81.4825,285.06,63,100,1.93,RU,1687805449
237,port mathurin,-19.6833,63.4167,296.07,61,21,7.58,MU,1687805449
238,happy valley-goose bay,53.3168,-60.3315,297.32,23,40,6.17,CA,1687805449
239,georgetown,5.4112,100.3354,301.11,87,20,1.03,MY,1687805330
240,pangody,65.85,74.4859,283.46,65,100,2.11,RU,1687805449
241,santa isabel,-23.3156,-46.2214,299.76,50,0,1.01,BR,1687805449
242,poltavka,54.3663,71.7632,287.62,82,100,8.01,RU,1687805449
243,gizo,-8.103,156.8419,300.12,60,100,7.76,SB,1687805450
244,coahuayana de hidalgo,18.7,-103.6583,305.74,60,88,4.4,MX,1687805450
245,blackfoot,43.1905,-112.345,297.99,41,100,1.95,US,1687805151
246,weno,7.4515,151.8468,300.12,89,75,6.17,FM,1687805450
247,callao,-12.0667,-77.15,297.44,73,100,6.17,PE,1687805191
248,slave lake,55.2834,-114.769,297.14,60,20,4.12,CA,1687805450
249,ilebo,-4.3167,20.5833,297.43,73,99,0.53,CD,1687805450
250,sungai raya,0.7,108.9,298.78,78,99,1.71,ID,1687805451
251,tondano,1.3038,124.9112,292.2,94,2,0.32,ID,1687805451
252,rudnya,54.947,31.0934,286.91,90,100,1.77,RU,1687805451
253,isafjordur,66.0755,-23.124,289.17,51,40,4.12,IS,1687805451
254,duyun,26.2667,107.5167,294.29,98,98,1.28,CN,1687805451
255,ola,59.5833,151.2833,282.75,91,61,1.19,RU,1687805451
256,keflavik,64.0049,-22.5624,288.1,82,75,5.66,IS,1687805451
257,yung shue wan,22.2333,114.1167,301.9,85,95,5.51,HK,1687805451
258,villa rica,33.7321,-84.9191,305.96,66,0,0.89,US,1687805452
259,fauske,67.2588,15.3918,296.17,54,86,1.8,NO,1687805452
260,akureyri,65.6835,-18.0878,291.11,45,40,6.17,IS,1687805452
261,kumeny,58.1089,49.9161,285.37,77,99,2.8,RU,1687805452
262,ilanskiy,56.2358,96.065,281.58,90,56,1.99,RU,1687805250
263,kuanda,56.3161,116.0806,289.64,73,24,1.97,RU,1687805452
264,hauterive,46.0901,3.4459,297.57,69,14,2.28,FR,1687805452
265,lata,40.1629,-8.3327,298.66,56,0,2.62,PT,1687805452
266,smithers,54.7804,-127.1743,293.33,49,75,4.63,CA,1687805453
267,antsiranana,-12.2787,49.2917,295.84,65,4,6.51,MG,1687805453
268,coquimbo,-29.9533,-71.3436,293.0,68,0,5.14,CL,1687805453
269,umarizal,-5.9906,-37.8144,303.66,45,91,4.98,BR,1687805453
270,palmer,42.1584,-72.3287,301.43,76,75,5.14,US,1687805453
271,novyye lyady,58.0536,56.6039,286.73,69,34,1.61,RU,1687805453
272,westport,41.1415,-73.3579,301.18,76,0,5.66,US,1687805424
273,mont-tremblant,46.1949,-74.6264,298.92,69,100,1.54,CA,1687804874
274,mermoz boabab,14.7065,-17.4758,302.46,70,40,3.09,SN,1687805454
275,anshun,26.25,105.9333,291.08,97,36,1.84,CN,1687805247
276,sorong,-0.8833,131.25,298.39,91,100,3.47,ID,1687805454
277,margate,51.3813,1.3862,294.19,50,100,1.79,GB,1687805454
278,kavaratti,10.5669,72.642,300.6,81,100,8.12,IN,1687805454
279,araguaina,-7.1911,-48.2072,306.8,25,60,3.72,BR,1687805454
280,badger,64.8,-147.5333,289.82,69,75,2.06,US,1687805454
281,gisborne,-38.6533,178.0042,283.14,92,76,2.06,NZ,1687805258
282,leninskoye,41.7589,69.3864,294.82,20,0,3.0,KZ,1687805455
283,simav,39.0882,28.9777,291.89,72,0,2.72,TR,1687805455
284,igarka,67.4667,86.5833,283.18,72,80,2.97,RU,1687805455
285,newman,37.3138,-121.0208,298.28,25,0,0.79,US,1687805455
286,chonchi,-42.6128,-73.8092,284.71,80,95,2.56,CL,1687805455
287,brandon,27.9378,-82.2859,308.33,61,40,3.09,US,1687805414
288,pangai,-19.8,-174.35,296.21,78,40,2.57,TO,1687805455
289,siaya,0.0612,34.2882,290.76,86,92,1.28,KE,1687805455
290,trinidad,-14.8333,-64.9,305.14,66,40,2.06,BO,1687805456
291,tolanaro,-25.0319,46.9987,293.19,73,20,3.09,MG,1687805456
292,fisterra,42.9049,-9.2629,296.34,82,3,10.83,ES,1687805456
293,vallo della lucania,40.2297,15.2658,292.95,83,1,0.85,IT,1687805456
294,kill devil hills,36.0307,-75.676,303.15,74,40,11.32,US,1687805456
295,san pancrazio salentino,40.4191,17.8305,300.16,68,0,6.27,IT,1687805456
296,punta arenas,-53.15,-70.9167,276.21,75,100,7.72,CL,1687805350
297,cacoal,-11.4386,-61.4472,306.2,36,0,0.33,BR,1687805404
298,punta gorda isles,26.9176,-82.0784,307.03,70,75,6.69,US,1687805457
299,nar'yan-mar,67.6713,53.087,280.55,77,91,4.02,RU,1687805457
300,odienne,9.51,-7.5692,299.92,69,29,2.56,CI,1687805457
301,mejit,10.2753,170.8646,301.27,76,99,9.59,MH,1687805457
302,vredendal,-31.6683,18.5012,288.32,73,7,2.16,ZA,1687805457
303,pechora,65.1472,57.2244,284.91,69,17,2.76,RU,1687805457
304,trenton,40.217,-74.7429,304.89,71,20,4.12,US,1687804836
305,kumba,4.6363,9.4469,295.19,99,100,0.29,CM,1687805458
306,mata-utu,-13.2816,-176.1745,300.11,78,95,5.01,WF,1687805458
307,lai chau,22.3997,103.4517,293.21,97,5,1.26,VN,1687805458
308,colchani,-20.3,-66.9333,281.13,22,0,2.09,BO,1687805458
309,ugoofaaru,5.6667,73.0,300.55,81,100,5.68,MV,1687805458
310,sotnikovskoye,45.0039,43.7772,295.61,69,100,4.77,RU,1687805458
311,shakawe,-18.3667,21.85,288.61,36,4,2.05,BW,1687805458
312,mount gambier,-37.8333,140.7667,281.52,96,100,2.64,AU,1687805458
313,siddharthanagar,27.5,83.45,304.89,55,48,5.61,NP,1687805459
314,springbok,-29.6643,17.8865,282.89,88,26,2.56,ZA,1687805459
315,wanning,18.8003,110.3967,299.96,87,99,2.13,CN,1687805459
316,barra de santo antonio,-9.4047,-35.5072,296.75,83,89,5.71,BR,1687805459
317,jos,9.9167,8.9,294.88,67,21,0.75,NG,1687805459
318,nafada,11.0956,11.3327,305.4,39,32,2.45,NG,1687805459
319,santo antonio,-6.3106,-35.4789,300.28,67,35,5.09,BR,1687805459
320,zanzibar,-6.1639,39.1979,296.48,79,8,4.24,TZ,1687805460
321,baise city,23.8997,106.6133,297.51,97,86,1.14,CN,1687805460
322,nadi,-17.8,177.4167,291.15,88,40,2.06,FJ,1687805460
323,kulhudhuffushi,6.6221,73.07,300.76,78,100,6.83,MV,1687805460
324,petropavlovsk-kamchatsky,53.0452,158.6483,284.48,100,0,1.0,RU,1687805460
325,fort mcmurray,56.7268,-111.381,293.92,73,75,1.03,CA,1687805460
326,mourmelon-le-grand,49.1326,4.3642,294.18,55,0,4.63,FR,1687805460
327,solleftea,63.1667,17.2667,294.07,64,11,2.95,SE,1687805461
328,east london,-33.0153,27.9116,287.67,94,75,2.57,ZA,1687805461
329,nuevo casas grandes,30.4167,-107.9167,310.37,10,5,3.22,MX,1687805461
330,kabompo,-13.5927,24.2008,288.0,40,7,1.53,ZM,1687805461
331,holualoa,19.6228,-155.9522,298.06,78,40,3.09,US,1687805391
332,papao,-17.75,-149.55,299.97,75,1,8.78,PF,1687805461
333,zheshart,62.0731,49.5733,288.02,79,94,1.02,RU,1687805461
334,rajaori,33.3833,74.3,296.72,74,2,1.49,IN,1687805462
335,boshkengash,38.4661,68.8053,298.34,41,20,2.0,TJ,1687805462
336,sinabang,2.4803,96.3801,299.45,82,95,1.24,ID,1687805462
337,catende,-8.6667,-35.7167,296.66,92,62,4.09,BR,1687805462
338,basco,20.4487,121.9702,301.17,82,100,7.48,PH,1687805462
339,leh,34.1667,77.5833,287.69,61,19,2.02,IN,1687805254
340,canto do buriti,-8.11,-42.9444,306.07,24,100,4.43,BR,1687805462
341,belen,36.4891,36.2233,295.23,65,0,7.2,TR,1687805463
342,haiku-pauwela,20.9219,-156.3051,298.73,72,20,6.69,US,1687805463
343,jamestown,42.097,-79.2353,291.49,77,100,0.89,US,1687805463
344,onega,63.9061,38.1404,290.41,55,47,2.59,RU,1687805463
345,gunjur,13.2019,-16.7339,303.19,66,40,5.14,GM,1687805463
346,la passe,45.5549,-0.8967,297.28,70,5,5.53,FR,1687805463
347,pakruojis,55.9667,23.8667,293.59,84,0,1.27,LT,1687805464
348,sisimiut,66.9395,-53.6735,280.14,60,14,3.78,GL,1687805464
349,manakara,-22.1333,48.0167,290.07,88,1,1.67,MG,1687805464
350,vanino,49.0869,140.2543,287.62,100,100,0.99,RU,1687805464
351,newnham,-41.3833,147.1333,280.55,93,6,4.63,AU,1687805464
352,gorontalo,0.5412,123.0595,297.17,95,16,0.85,ID,1687805464
353,bikenibeu village,1.3673,173.1241,300.13,89,75,1.03,KI,1687805465
354,urucara,-2.5364,-57.76,305.18,50,91,1.57,BR,1687805465
355,daudnagar,25.0333,84.4,304.73,59,13,5.91,IN,1687805465
356,kingston,17.997,-76.7936,307.17,63,20,9.26,JM,1687805465
357,vanimo,-2.6741,141.3028,296.89,94,100,2.13,PG,1687805465
358,shitanjing,39.2342,106.3439,294.63,13,18,3.82,CN,1687805465
359,moundsville,39.9203,-80.7431,298.23,75,50,4.05,US,1687805465
360,huanta,-12.9333,-74.25,294.37,31,6,1.45,PE,1687805466
361,quebo,11.3333,-14.9333,300.85,77,100,3.02,GW,1687805466
362,swift current,50.2834,-107.8014,293.6,56,75,1.03,CA,1687805466
363,baker city,44.7749,-117.8344,295.15,49,0,3.6,US,1687805466
364,cockburn town,21.4612,-71.1419,301.74,74,7,6.02,TC,1687805466
365,xai-xai,-25.0519,33.6442,290.73,77,0,3.88,MZ,1687805467
366,boguchany,58.3814,97.4531,282.68,99,100,3.27,RU,1687805468
367,conception bay south,47.4999,-52.9981,285.4,67,0,4.73,CA,1687805468
368,ust'-kut,56.7938,105.7672,287.28,98,100,0.96,RU,1687805355
369,kerikeri,-35.2268,173.9474,282.62,94,100,2.29,NZ,1687805468
370,vila franca do campo,37.7167,-25.4333,295.38,74,1,3.56,PT,1687805468
371,queenstown,-31.8976,26.8753,283.65,85,99,3.06,ZA,1687805469
372,acaponeta,22.4964,-105.3594,310.92,33,0,3.98,MX,1687805469
373,port-vila,-17.7338,168.3219,288.93,100,75,1.54,VU,1687805316
374,broome,42.2506,-75.833,300.42,67,75,5.14,US,1687805469
375,tonj,7.2737,28.6822,295.6,93,100,0.4,SS,1687805469
376,usogorsk,63.4106,48.6872,288.66,64,61,2.05,RU,1687805470
377,pokhara,28.2333,83.9833,296.22,94,100,0.83,NP,1687805408
378,harper,4.375,-7.7169,297.97,77,100,5.15,LR,1687805470
379,flying fish cove,-10.4217,105.6791,296.97,88,100,5.66,CX,1687805470
380,am timan,11.0297,20.2827,296.97,82,86,4.25,TD,1687805470
381,tsiombe,-25.3,45.4833,290.19,83,1,1.63,MG,1687805470
382,klyuchi,52.2667,79.1667,290.93,42,100,6.03,RU,1687805471
383,paita,-5.0892,-81.1144,298.6,68,10,5.53,PE,1687805471
384,hancheng,32.5186,112.3522,299.02,76,0,5.75,CN,1687805471
385,bay city,43.5945,-83.8889,296.54,83,100,3.09,US,1687805177
386,san patricio,28.017,-97.5169,312.08,31,0,7.19,US,1687805471
387,lupiro,-8.3833,36.6667,292.17,60,3,1.05,TZ,1687805471
388,bagamoyo,-6.4333,38.9,294.83,83,1,2.93,TZ,1687805471
389,nova vicosa,-17.8919,-39.3719,297.75,69,100,3.43,BR,1687805472
390,usinsk,65.9939,57.5281,283.23,68,29,5.51,RU,1687805472
391,remire-montjoly,4.9167,-52.2667,297.17,94,75,1.54,GF,1687805447
392,odda,60.0691,6.5457,290.25,89,100,2.24,NO,1687805472
393,lazaro cardenas,17.9583,-102.2,302.41,69,100,0.92,MX,1687805472
394,talata mafara,12.5732,6.0597,307.6,34,20,1.76,NG,1687805472
395,takoradi,4.8845,-1.7554,297.93,72,71,2.97,GH,1687805473
396,paracuru,-3.41,-39.0306,300.99,69,36,5.87,BR,1687805473
397,dhuusamarreeb,5.535,46.3861,299.96,59,100,9.36,SO,1687805473
398,luorong,24.4058,109.6086,295.9,95,56,0.38,CN,1687805473
399,mogocha,53.7333,119.7667,285.25,96,0,1.53,RU,1687805473
400,tafuna,-14.3358,-170.72,300.12,89,75,4.12,AS,1687805473
401,lerwick,60.1545,-1.1494,287.15,82,99,4.81,GB,1687805473
402,zhigalovo,54.8097,105.1578,284.51,97,100,3.18,RU,1687805474
403,mahibadhoo,3.7833,72.9667,301.68,76,100,5.73,MV,1687805474
404,vilyuchinsk,52.9306,158.4028,285.3,75,6,1.3,RU,1687805474
405,ilha de mocambique,-15.0342,40.7358,297.54,58,3,6.63,MZ,1687805474
406,altai,46.3722,96.2583,281.91,39,100,0.63,MN,1687805474
407,al kharijah,25.4514,30.5464,303.49,15,0,4.33,EG,1687805474
408,borba,-4.3878,-59.5939,308.43,34,85,2.06,BR,1687805474
409,okha,53.5739,142.9478,283.54,97,100,3.38,RU,1687805475
410,pizarro,4.9533,-77.366,300.07,83,67,2.38,CO,1687805475
411,touros,-5.1989,-35.4608,300.66,69,41,5.49,BR,1687805475
412,lucaya,26.5333,-78.6667,304.11,70,75,4.12,BS,1687805475
413,dodoma,-6.1722,35.7395,291.54,56,2,5.27,TZ,1687805432
414,road town,18.4167,-64.6167,304.2,62,40,3.6,VG,1687805435
415,ringkobing,56.0901,8.244,289.83,86,8,9.11,DK,1687805475
416,jakar,27.5492,90.7525,286.44,94,50,0.85,BT,1687805476
417,chumphon,10.3333,98.8333,296.2,95,100,1.34,TH,1687805476
418,poso,-1.3959,120.7524,298.09,88,8,1.66,ID,1687805476
419,kruisfontein,-34.0033,24.7314,286.42,96,100,5.79,ZA,1687805476
420,porto novo,6.4965,2.6036,299.05,76,100,3.63,BJ,1687805476
421,kavieng,-2.5744,150.7967,301.24,76,100,4.07,PG,1687805476
422,isangel,-19.55,169.2667,292.37,64,7,1.64,VU,1687805476
423,huazhou,21.6333,110.5833,298.95,92,100,3.35,CN,1687805477
424,pamandzi,-12.7967,45.2794,298.03,69,0,4.12,YT,1687805477
425,taro,-8.3862,115.28,295.15,97,48,0.54,ID,1687805477
426,pimentel,-6.8367,-79.9342,301.31,57,75,6.17,PE,1687805477
427,thunder bay,48.4001,-89.3168,296.14,53,20,6.69,CA,1687805477
428,ribas do rio pardo,-20.4431,-53.7592,299.65,37,0,3.27,BR,1687805477
429,karpinsk,59.7654,60.0085,282.06,68,46,0.88,RU,1687805477
430,ahmetli,38.5196,27.9387,296.82,62,1,2.12,TR,1687805477
431,starozhilovo,54.2254,39.916,288.73,76,100,3.4,RU,1687805478
432,bealanana,-14.55,48.7333,284.44,98,21,1.4,MG,1687805478
433,korla,41.7597,86.1469,293.98,33,0,6.2,CN,1687805478
434,parnu,58.3859,24.4971,291.2,77,75,1.03,EE,1687805478
435,arraial do cabo,-22.9661,-42.0278,300.13,61,0,6.69,BR,1687805478
436,new plymouth,-39.0667,174.0833,282.35,100,58,0.8,NZ,1687805478
437,blacksburg,37.2296,-80.4139,302.99,60,40,3.6,US,1687805415
438,aldan,58.6031,125.3894,290.77,58,100,2.95,RU,1687805479
439,dongxing,45.3667,130.8,293.15,82,100,1.77,CN,1687805479
440,faranah,10.0404,-10.7434,297.48,88,100,2.49,GN,1687805479
441,kayes,14.0,-11.0,300.2,70,100,2.83,ML,1687805479
442,anadyr,64.75,177.4833,285.43,76,0,2.68,RU,1687805479
443,jashpurnagar,22.9,84.15,295.89,97,87,2.78,IN,1687805480
444,cill airne,52.05,-9.5167,288.61,77,100,3.09,IE,1687805480
445,saint-philippe,-21.3585,55.7679,291.92,69,0,2.47,RE,1687805480
446,saint-pierre,-21.3393,55.4781,291.97,68,0,4.12,RE,1687805480
447,rouissat,31.9243,5.3502,313.19,13,0,4.12,DZ,1687805480
448,laela,-8.5667,32.05,287.99,59,39,1.4,TZ,1687805480
449,peno,56.9262,32.7426,289.29,66,100,2.13,RU,1687805480
450,hastings,50.8552,0.5729,294.15,24,100,6.86,GB,1687805481
451,souillac,-20.5167,57.5167,292.36,88,40,0.0,MU,1687805481
452,gryazovets,58.88,40.2525,288.72,68,49,1.44,RU,1687805481
453,gondar,12.6,37.4667,287.85,87,45,3.4,ET,1687805481
454,knokke-heist,51.3333,3.3333,293.16,50,100,5.26,BE,1687805481
455,sao gabriel da cachoeira,-0.1303,-67.0892,302.98,66,95,0.9,BR,1687805481
456,waingapu,-9.6567,120.2641,297.88,83,74,1.89,ID,1687805481
457,varadero,23.1536,-81.2514,302.57,71,17,4.29,CU,1687805198
458,cidreira,-30.1811,-50.2056,295.71,77,100,2.0,BR,1687805482
459,hasaki,35.7333,140.8333,296.05,90,100,2.94,JP,1687805456
460,hadibu,12.65,54.0333,299.41,78,53,10.22,YE,1687805482
461,zhangye,38.9342,100.4517,295.91,38,100,1.66,CN,1687805482
462,tazovsky,67.4667,78.7,280.47,74,19,3.18,RU,1687805482
463,buchanan,5.8808,-10.0467,298.36,84,100,6.06,LR,1687805482
464,nanping,26.645,118.1736,297.12,96,100,1.03,CN,1687805483
465,al ghayzah,16.2079,52.176,302.5,75,100,1.57,YE,1687805483
466,inderbor,48.55,51.7833,294.75,33,51,6.28,KZ,1687805483
467,gamboula,4.1178,15.1393,293.98,95,78,1.2,CF,1687805483
468,itaituba,-4.2761,-55.9836,308.24,52,40,2.57,BR,1687805483
469,chagoda,59.164,35.3285,290.91,60,100,0.31,RU,1687805483
470,nouadhibou,20.931,-17.0347,297.14,69,0,7.72,MR,1687805483
471,wagar,16.1525,36.2032,310.62,13,6,3.41,SD,1687805484
472,coyhaique,-45.5752,-72.0662,280.12,76,75,2.06,CL,1687805484
473,dolores,-36.3132,-57.6792,290.59,51,100,3.2,AR,1687805484
474,rinconada,19.35,-96.5167,303.85,41,61,2.33,MX,1687805484
475,sao joao da barra,-21.6403,-41.0511,300.2,79,0,6.38,BR,1687805484
476,adilcevaz,38.8039,42.7342,293.96,43,0,0.97,TR,1687805484
477,pavullo nel frignano,44.3315,10.835,296.0,76,0,1.69,IT,1687805484
478,santa maria da vitoria,-13.3947,-44.1886,303.14,30,88,2.91,BR,1687805485
479,karratha,-20.7377,116.8463,289.89,41,34,5.94,AU,1687805485
480,chos malal,-37.3781,-70.2709,283.94,37,14,8.56,AR,1687805485
481,kachia,9.8667,7.95,295.28,87,9,1.52,NG,1687805485
482,bardai,11.65,7.2333,301.8,50,99,1.17,NG,1687805485
483,bikin,46.8161,134.26,289.73,92,100,2.41,RU,1687805485
484,enewetak,11.3474,162.3373,301.16,81,100,8.64,MH,1687805485
485,tinajo,29.0788,-13.7081,297.64,83,0,2.57,ES,1687805486
486,tianpeng,30.9866,103.9393,300.41,90,100,1.45,CN,1687805486
487,colonia,50.9333,6.95,294.98,49,0,6.17,DE,1687805229
488,lewiston orchards,46.3804,-116.9754,298.86,49,100,1.97,US,1687805486
489,hotan,37.0997,79.9269,299.96,24,96,5.43,CN,1687805486
490,torquay,50.4638,-3.5143,292.92,57,100,4.94,GB,1687805486
491,agde,43.3108,3.4758,306.07,54,0,7.2,FR,1687805486
492,bonthe,7.5264,-12.505,298.57,87,100,2.79,SL,1687805487
493,kondratovo,57.9804,56.1066,287.31,51,0,2.0,RU,1687805487
494,okhotsk,59.3833,143.3,284.37,94,44,1.43,RU,1687805487
495,hami,42.8,93.45,294.77,33,100,9.92,CN,1687805487
496,ploudalmezeau,48.5333,-4.65,291.44,68,75,3.6,FR,1687805487
497,trelleborg,55.3751,13.1569,293.12,83,100,6.02,SE,1687805487
498,george town,5.4112,100.3354,301.11,87,20,1.03,MY,1687805330
499,elliot lake,46.3834,-82.6331,296.84,69,86,3.7,CA,1687805488
500,nogliki,51.8333,143.1667,285.48,97,100,4.16,RU,1687805488
501,milazzo,38.2212,15.2383,299.11,83,0,2.24,IT,1687805488
502,mancha real,37.7863,-3.6123,308.51,20,0,3.16,ES,1687805488
503,geraldton,-28.7667,114.6,276.38,93,0,2.06,AU,1687805488
504,ushibukamachi,32.1906,130.0228,297.36,92,70,4.16,JP,1687805488
505,howrah,22.5892,88.3103,300.15,89,75,2.57,IN,1687805489
506,kiunga,-6.1219,141.2906,296.51,99,100,0.98,PG,1687805489
507,tanumah,27.1,44.1333,307.61,9,0,4.03,SA,1687805489
508,chajari,-30.7505,-57.9796,300.8,55,82,2.48,AR,1687805489
509,grootfontein,-19.5667,18.1167,288.91,36,0,1.54,NA,1687805489
510,zalingei,12.9096,23.4741,303.23,31,5,1.13,SD,1687805489
511,el nido,11.1858,119.3956,300.13,83,78,3.61,PH,1687805489
512,dudinka,69.4058,86.1778,284.05,63,100,3.71,RU,1687805489
513,dalbandin,28.8947,64.4101,306.11,33,100,6.21,PK,1687805490
514,prado,-17.3411,-39.2208,297.6,67,83,2.89,BR,1687805490
515,mohr,54.3528,9.7167,292.23,68,40,9.26,DE,1687805490
516,goure,13.9835,10.2704,309.0,25,7,2.08,NE,1687805490
517,shimoda,34.6667,138.95,294.87,90,100,1.97,JP,1687805490
518,mar del plata,-38.0023,-57.5575,290.42,46,0,5.66,AR,1687805492
519,yingkou,40.6648,122.2283,292.12,92,97,2.71,CN,1687805492
520,gargalianoi,37.0667,21.6333,298.35,86,0,2.76,GR,1687805492
521,hirara,24.8,125.2833,299.3,94,20,2.06,JP,1687805492
522,al jawf,29.5,38.75,303.96,13,0,4.64,SA,1687805493
523,priozersk,61.0393,30.1291,291.45,62,66,2.34,RU,1687805493
524,saint-louis,16.3333,-15.0,313.95,26,95,9.45,SN,1687805493
525,al qusayr,34.5091,36.5798,295.33,59,0,4.24,SY,1687805493
526,robbah,33.2797,6.9098,306.23,25,0,4.33,DZ,1687805493
527,belmonte,-15.8631,-38.8828,298.11,71,31,3.39,BR,1687805493
528,poronaysk,49.2167,143.1167,287.55,96,45,1.74,RU,1687805494
529,nagqu,31.5,92.0,279.42,79,100,0.1,CN,1687805494
530,filadelfia,39.9523,-75.1638,304.35,64,75,6.69,US,1687805491
531,mus,39.0,41.75,291.73,41,0,1.4,TR,1687805494
532,cacapava do sul,-30.5122,-53.4914,293.4,87,97,2.11,BR,1687805494
533,hithadhoo,-0.6,73.0833,301.23,73,99,4.07,MV,1687805494
534,vovchans'k,50.3003,36.9467,287.82,96,100,3.43,UA,1687805495
535,flin flon,54.7682,-101.865,292.06,26,75,4.12,CA,1687805495
536,verkhnevilyuysk,63.4453,120.3167,287.51,70,100,3.3,RU,1687805495
537,port said,31.2565,32.2841,300.14,78,0,5.66,EG,1687805492
538,wynyard,-41.0,145.7167,281.47,78,55,3.34,AU,1687805495
539,vilyuysk,63.7553,121.6247,287.38,62,100,2.62,RU,1687805496
540,sao mateus,-18.7161,-39.8589,297.39,71,100,2.69,BR,1687805496
541,camana,-16.6228,-72.7111,292.28,76,17,2.62,PE,1687805496
542,la'ie,21.6477,-157.9253,299.51,76,2,4.02,US,1687805496
543,ghanzi,-21.5667,21.7833,289.27,35,0,3.96,BW,1687805496
544,oum hadjer,13.2954,19.6966,306.2,37,2,4.78,TD,1687805496
545,seydi,39.4816,62.9137,302.17,17,0,3.2,TM,1687805496
546,rabo de peixe,37.8,-25.5833,294.88,73,40,6.17,PT,1687805497
547,hutchinson island south,27.2995,-80.2205,305.96,69,40,5.14,US,1687805497
548,ciudad insurgentes,25.2625,-111.7753,310.38,18,1,3.06,MX,1687805497
549,ulsteinvik,62.3432,5.8487,291.47,89,100,4.92,NO,1687805497
550,bad berleburg,51.05,8.4,292.42,57,100,4.68,DE,1687805497
551,sao felipe,-14.8167,-41.3833,300.51,40,56,4.67,BR,1687805497
552,khorinsk,52.1657,109.7726,285.01,95,100,2.93,RU,1687805497
553,purpe,64.4803,76.6897,284.15,58,99,3.31,RU,1687805498
554,cooma,-36.2333,149.1333,275.46,87,100,1.46,AU,1687805498
555,cherepovets,59.1333,37.9,288.05,72,0,0.0,RU,1687805498
556,suez,29.9737,32.5263,299.62,45,0,5.36,EG,1687805498
557,darwin,-12.4611,130.8418,297.14,83,74,1.54,AU,1687805223
558,suntar,62.1444,117.6319,285.75,98,19,2.29,RU,1687805498
559,fort st. john,56.2499,-120.8529,295.09,53,75,3.6,CA,1687805498
560,namibe,-15.1961,12.1522,289.91,78,5,5.77,AO,1687805498
561,nioro du rip,13.75,-15.8,305.19,51,100,7.51,SN,1687805499
562,quang ngai,15.1167,108.8,298.5,92,100,1.73,VN,1687805499
563,tetyushi,54.9382,48.8366,286.97,62,2,2.58,RU,1687805499
564,kralendijk,12.15,-68.2667,305.14,62,75,7.2,BQ,1687805499
565,chengyang,27.0892,119.6453,297.49,97,94,0.88,CN,1687805499
566,tangalle,6.024,80.7911,299.24,85,95,4.73,LK,1687805499
567,nkhotakota,-12.9274,34.2961,291.09,55,0,1.95,MW,1687805499
568,shiojiri,36.1,137.9667,292.36,86,100,1.06,JP,1687805500
569,mikuni,36.2171,136.1519,296.1,92,100,3.53,JP,1687805500
570,fortuna,40.5982,-124.1573,287.4,95,100,2.57,US,1687805500
571,aral,40.5156,81.2636,297.15,36,21,4.06,CN,1687805500
572,pontianak,-0.0333,109.3333,296.14,100,25,1.03,ID,1687805500
